Rank;University;Score;Country;Flag;League
1;Harvard University;100.000;USA;;Diamond League
2;California Institute of Technology (Caltech);99.636;USA;;Diamond League
3;Stanford University;97.050;USA;;Diamond League
4;Imperial College London;96.742;UK;;Diamond League
5;Karolinska Institute;96.609;Sweden;;Diamond League
6;Massachusetts Institute of Technology (MIT);96.370;USA;;Diamond League
7;University of Oxford;96.167;UK;;Diamond League
8;ETH Zurich (Swiss Federal Institute of Technology);94.629;Switzerland;;Diamond League
9;University of Cambridge;94.383;UK;;Diamond League
10;Columbia University;94.132;USA;;Diamond League
11;University College London;93.911;UK;;Diamond League
12;Yale University;93.797;USA;;Diamond League
13;University of Pennsylvania;93.741;USA;;Diamond League
14;Johns Hopkins University;93.617;USA;;Diamond League
15;Northwestern University;93.558;USA;;Diamond League
16;Princeton University;93.517;USA;;Diamond League
17;Ecole Polytechnique Federale de Lausanne;92.159;Switzerland;;Diamond League
18;Case Western Reserve University;91.555;USA;;Diamond League
19;Cornell University;91.528;USA;;Diamond League
20;Washington University in St. Louis;90.996;USA;;Diamond League
21;Peking University;90.954;China;;Diamond League
22;Korea Advanced Institute of Science and Technology (KAIST);90.813;Republic of Korea;;Diamond League
23;Scuola Normale Superiore di Pisa;89.546;Italy;;Diamond League
24;Carnegie Mellon University;89.279;USA;;Diamond League
25;University of Michigan;88.822;USA;;Diamond League
26;University of Edinburgh;88.284;UK;;Diamond League
27;Tsinghua University;87.746;China;;Diamond League
28;King`s College London;87.742;UK;;Diamond League
29;Brown University;87.703;USA;;Diamond League
30;Emory University;87.635;USA;;Diamond League
31;Boston University;87.590;USA;;Diamond League
32;Technical University of Denmark;87.419;Denmark;;Diamond League
33;University of California, Los Angeles;87.212;USA;;Diamond League
34;Nanyang Technological University;87.004;Singapore;;Diamond League
35;Pohang University of Science and Technology (POSTECH);86.997;Republic of Korea;;Diamond League
36;New York University;86.727;USA;;Diamond League
37;McGill University;86.651;Canada;;Diamond League
39;Rice University;86.466;USA;;Diamond League
39;Tufts University;86.466;USA;;Diamond League
40;Royal Institute of Technology (KTH);86.196;Sweden;;Diamond League
41;University of Tokyo;86.051;Japan;;Diamond League
42;University of Bern;85.992;Switzerland;;Diamond League
43;Sorbonne University;85.896;France;;Diamond League
44;University of Wisconsin - Madison;85.887;USA;;Diamond League
45;University of Geneva;85.726;Switzerland;;Diamond League
46;University of Hong Kong;85.692;Hong Kong;;Diamond League
47;University of Pittsburgh;85.550;USA;;Diamond League
48;University of Science and Technology of China;85.514;China;;Diamond League
49;Chalmers University of Technology;85.261;Sweden;;Diamond League
50;Kyoto University;85.222;Japan;;Diamond League
51;Australian National University;85.066;Australia;;Diamond League
52;University of Washington;84.923;USA;;Diamond League
53;University of Zurich;84.764;Switzerland;;Diamond League
54;University of Lausanne;84.706;Switzerland;;Diamond League
55;Ludwig Maximilian University of Munich;84.692;Germany;;Diamond League
56;University of Manchester;84.621;UK;;Diamond League
57;Vanderbilt University;84.555;USA;;Diamond League
58;University of California, Berkeley;84.515;USA;;Diamond League
59;Fudan University;84.455;China;;Diamond League
60;Chinese University Hong Kong;84.299;Hong Kong;;Diamond League
61;Indian Institute of Science;84.104;India;;Diamond League
62;University of California, San Diego;84.089;USA;;Diamond League
63;University of Toronto;84.080;Canada;;Diamond League
64;Wageningen University & Research Center;83.936;Netherlands;;Diamond League
65;University of Southern California;83.816;USA;;Diamond League
66;Ruprecht Karl University of Heidelberg;83.724;Germany;;Diamond League
67;Technische Universitat Dresden (TU Dresden);83.467;Germany;;Diamond League
68;University of North Carolina;83.412;USA;;Diamond League
69;Zhejiang University;83.386;China;;Diamond League
70;Shanghai Jiao Tong University;83.203;China;;Diamond League
71;University of Sydney;82.855;Australia;;Diamond League
72;Georgia Institute of Technology;82.816;USA;;Diamond League
73;University of Minnesota;82.691;USA;;Diamond League
74;National University of Singapore;82.430;Singapore;;Diamond League
75;Utrecht University;82.410;Netherlands;;Diamond League
76;Tohoku University;82.305;Japan;;Diamond League
77;Lund University;82.226;Sweden;;Diamond League
78;University of Twente;81.954;Netherlands;;Diamond League
79;University of Rochester;81.935;USA;;Diamond League
80;Tokyo Institute of Technology;81.894;Japan;;Diamond League
81;University of Warwick;81.832;UK;;Diamond League
82;University of British Columbia;81.719;Canada;;Diamond League
83;Technical University of Munich;81.655;Germany;;Diamond League
84;Georgetown University;81.530;USA;;Diamond League
85;London School of Economics and Political Science;81.508;UK;;Diamond League
86;University of California, Davis;81.382;USA;;Diamond League
87;City University of Hong Kong;81.377;Hong Kong;;Diamond League
88;RWTH Aachen University;81.264;Germany;;Diamond League
89;University of Sheffield;81.230;UK;;Diamond League
90;University of Bristol;81.109;UK;;Diamond League
91;Lomonosov Moscow State University;81.083;Russia;;Diamond League
92;Dartmouth College;80.884;USA;;Diamond League
93;Ohio State University;80.742;USA;;Diamond League
94;University of Birmingham;80.720;UK;;Diamond League
95;University of Notre Dame;80.698;USA;;Diamond League
96;USI - Universita della Svizzera italiana;80.681;Switzerland;;Diamond League
97;University of St. Andrews;80.633;UK;;Diamond League
98;George Washington University;80.421;USA;;Diamond League
99;Hebrew University of Jerusalem;80.287;Israel;;Diamond League
100;Universite de Montreal;80.094;Canada;;Diamond League
101;National Research Nuclear University MEPhI (Moscow Engineering Physics Institute);80.059;Russia;;Golden League
102;Rutgers the State University of New Jersey;79.967;USA;;Golden League
103;Tomsk State University;79.937;Russia;;Golden League
104;Medical University of Vienna;79.684;Austria;;Golden League
105;National Taiwan University;79.541;Taiwan;;Golden League
106;Moscow Institute of Physics and Technology;79.448;Russia;;Golden League
107;University of Florida;79.370;USA;;Golden League
108;University of Sao Paulo;79.328;Brazil;;Golden League
109;University of Gottingen;79.310;Germany;;Golden League
110;Nagoya University;79.061;Japan;;Golden League
111;University of Maryland, College Park;79.057;USA;;Golden League
112;University of Queensland Australia;78.774;Australia;;Golden League
113;University of Malaya;78.765;Malaysia;;Golden League
114;Lancaster University;78.672;UK;;Golden League
115;Hong Kong University of Science and Technology;78.613;Hong Kong;;Golden League
116;Free University of Berlin;78.534;Germany;;Golden League
117;Aalto University;78.507;Finland;;Golden League
118;Radboud University Nijmegen;78.497;Netherlands;;Golden League
119;University of Bergen;78.379;Norway;;Golden League
120;Queen Mary University of London;78.365;UK;;Golden League
121;University of Glasgow;78.332;UK;;Golden League
122;Hokkaido University;78.233;Japan;;Golden League
123;University of Calgary;78.142;Canada;;Golden League
124;Michigan State University;78.079;USA;;Golden League
125;Erasmus University Rotterdam;78.044;Netherlands;;Golden League
126;Karlsruhe Institute of Technology;77.970;Germany;;Golden League
127;University of New South Wales;77.907;Australia;;Golden League
128;Aarhus University;77.847;Denmark;;Golden League
129;University of Iowa;77.770;USA;;Golden League
130;Osaka University;77.753;Japan;;Golden League
131;Tokyo Medical and Dental University;77.739;Japan;;Golden League
132;Pennsylvania State University;77.715;USA;;Golden League
133;Nanjing University;77.643;China;;Golden League
134;Tulane University;77.470;USA;;Golden League
135;Monash University;77.311;Australia;;Golden League
136;University of Adelaide;77.184;Australia;;Golden League
137;Durham University;77.110;UK;;Golden League
138;University of Utah;76.963;USA;;Golden League
139;University of Groningen;76.919;Netherlands;;Golden League
140;Technion Israel Institute of Technology;76.914;Israel;;Golden League
141;McMaster University;76.861;Canada;;Golden League
142;University of Miami;76.825;USA;;Golden League
143;Humboldt University of Berlin;76.761;Germany;;Golden League
144;University of Tsukuba;76.673;Japan;;Golden League
145;Katholieke Universiteit Leuven (KU Leuven);76.105;Belgium;;Golden League
146;University of Hamburg;76.092;Germany;;Golden League
147;Rockefeller University;76.071;USA;;Golden League
148;University of Western Australia;75.980;Australia;;Golden League
149;University of Cologne;75.948;Germany;;Golden League
150;University of Kansas;75.806;USA;;Golden League
151;Universite de Paris;75.753;France;;Golden League
152;University of Liverpool;75.679;UK;;Golden League
153;North Carolina State University;75.513;USA;;Golden League
154;University of Reading;75.491;UK;;Golden League
155;State University of Campinas (Unicamp);75.490;Brazil;;Golden League
156;Tel Aviv University;75.365;Israel;;Golden League
157;A.C.Camargo Cancer Center;75.319;Brazil;;Golden League
158;University of Sussex;75.295;UK;;Golden League
159;Vrije Universiteit Brussels (VUB);75.249;Belgium;;Golden League
160;University of Erlangen Nuremberg;75.165;Germany;;Golden League
161;Tehran University of Medical Sciences;75.074;Iran;;Golden League
162;Cardiff University;74.925;UK;;Golden League
163;Hanyang University;74.896;Republic of Korea;;Golden League
164;Sungkyunkwan University;74.824;Republic of Korea;;Golden League
165;Technical University of Berlin;74.782;Germany;;Golden League
166;University of Colorado;74.773;USA;;Golden League
167;Harbin Institute of Technology;74.768;China;;Golden League
168;University of Arizona;74.516;USA;;Golden League
169;University of Nova Gorica;74.461;Slovenia;;Golden League
170;Colorado School of Mines;74.416;USA;;Golden League
171;Northeastern University;74.383;USA;;Golden League
172;University of Hawaii;74.273;USA;;Golden League
173;Weizmann Institute of Science;74.256;Israel;;Golden League
174;Indiana University;74.229;USA;;Golden League
175;Ghent University;74.128;Belgium;;Golden League
176;Beijing Normal University;74.010;China;;Golden League
177;Trinity College Dublin;73.975;Ireland;;Golden League
178;University of Padua;73.882;Italy;;Golden League
179;IMT Atlantique;73.783;France;;Golden League
180;University of York;73.713;UK;;Golden League
181;University of Wurzburg;73.471;Germany;;Golden League
182;Central European University;73.466;Hungary;;Golden League
183;State University of New York, Stony Brook;73.440;USA;;Golden League
184;University of California, Santa Barbara;73.433;USA;;Golden League
185;Tongji University;73.341;China;;Golden League
186;University of Gothenburg;73.316;Sweden;;Golden League
187;Newcastle University;73.285;UK;;Golden League
188;Dalhousie University;73.019;Canada;;Golden League
189;State University of New York, Buffalo;73.011;USA;;Golden League
190;Gwangju Institute of Science and Technology;72.979;Republic of Korea;;Golden League
191;University Catholique de Louvain;72.904;Belgium;;Golden League
192;University of Ottawa;72.732;Canada;;Golden League
193;University of Aberdeen;72.714;UK;;Golden League
194;Western University;72.648;Canada;;Golden League
195;University of Exeter;72.589;UK;;Golden League
196;University of Freiburg;72.513;Germany;;Golden League
197;Autonomous University of Barcelona;72.499;Spain;;Golden League
198;University of Munster;72.349;Germany;;Golden League
199;Texas A&M University;72.260;USA;;Golden League
200;University of Montpellier;72.158;France;;Golden League
201;University of Ulm;72.093;Germany;;Silver League
202;Royal Holloway, University of London;72.007;UK;;Silver League
203;Temple University;71.997;USA;;Silver League
204;Sapienza University of Rome;71.613;Italy;;Silver League
205;Swedish University of Agricultural Sciences;71.603;Sweden;;Silver League
206;University of Connecticut;71.589;USA;;Silver League
207;University of California, Irvine;71.575;USA;;Silver League
208;Aix Marseille University;71.494;France;;Silver League
209;University of Cape Town;71.170;South Africa;;Silver League
210;William & Mary;71.012;USA;;Silver League
211;Technical University of Darmstadt;70.866;Germany;;Silver League
212;University College Dublin;70.709;Ireland;;Silver League
213;University of Auckland;70.675;New Zealand;;Silver League
214;University of Alaska;70.559;USA;;Silver League
215;St George`s University of London;70.544;UK;;Silver League
216;Isfahan University of Technology;70.503;Iran;;Silver League
217;Kobe University;70.490;Japan;;Silver League
218;Laval University;70.456;Canada;;Silver League
219;Tilburg University;70.368;Netherlands;;Silver League
220;China Agricultural University;70.233;China;;Silver League
221;Wuhan University;70.121;China;;Silver League
222;Huazhong University of Science and Technology;69.980;China;;Silver League
223;School of Oriental and African Studies (SOAS University);69.941;UK;;Silver League
224;University of Tennessee Knoxville;69.916;USA;;Silver League
225;Xi`an Jiaotong University;69.791;China;;Silver League
226;University of Tehran;69.763;Iran;;Silver League
227;Indian Institute of Technology, Delhi;69.733;India;;Silver League
228;Boston College;69.456;USA;;Silver League
229;Beihang University;69.409;China;;Silver League
230;Indian Institute of Technology, Madras;69.397;India;;Silver League
231;Kyung Hee University;69.392;Republic of Korea;;Silver League
232;Universite Libre de Bruxelles;69.385;Belgium;;Silver League
233;Fujita Health University;69.364;Japan;;Silver League
234;University of Otago;69.339;New Zealand;;Silver League
235;University of Georgia;69.272;USA;;Silver League
236;National Tsing Hua University;69.256;Taiwan;;Silver League
237;Aalborg University;69.235;Denmark;;Silver League
238;Queen`s University Belfast;69.142;UK;;Silver League
239;University of Barcelona;69.057;Spain;;Silver League
240;Universiti Sains Malaysia;69.049;Malaysia;;Silver League
241;University of Wollongong;68.983;Australia;;Silver League
242;University of Antwerp;68.921;Belgium;;Silver League
243;Lappeenranta University of Technology;68.898;Finland;;Silver League
244;Syracuse University;68.824;USA;;Silver League
245;Universite Grenoble Alpes (UGA);68.812;France;;Silver League
246;Virginia Polytechnic Institute and State University;68.680;USA;;Silver League
247;King Abdulaziz University;68.630;Saudi Arabia;;Silver League
248;Hong Kong Polytechnic University;68.564;Hong Kong;;Silver League
249;Queensland University of Technology;68.563;Australia;;Silver League
250;Charles University in Prague;68.550;Czech Republic;;Silver League
251;University of New Mexico;68.505;USA;;Silver League
252;University of East Anglia;68.462;UK;;Silver League
253;Curtin University;68.372;Australia;;Silver League
254;Indian Institute of Science Education and Research, Pune;68.206;India;;Silver League
255;Heriot-Watt University;68.177;UK;;Silver League
256;University of Bath;68.135;UK;;Silver League
257;Universiti Kebangsaan Malaysia;68.061;Malaysia;;Silver League
258;University of Bordeaux;67.976;France;;Silver League
259;University of Surrey;67.964;UK;;Silver League
260;University of California, Riverside;67.953;USA;;Silver League
261;University of Trieste;67.732;Italy;;Silver League
262;Pompeu Fabra University;67.667;Spain;;Silver League
263;Rensselaer Polytechnic Institute;67.664;USA;;Silver League
264;University of Strathclyde;67.568;UK;;Silver League
265;University of Witwatersrand;67.562;South Africa;;Silver League
266;Universiti Putra Malaysia;67.553;Malaysia;;Silver League
267;University of Saskatchewan;67.367;Canada;;Silver League
268;Macquarie University;67.351;Australia;;Silver League
269;University of Konstanz;67.330;Germany;;Silver League
270;Nankai University;67.326;China;;Silver League
271;Queens University;67.247;Canada;;Silver League
272;University of Dundee;67.013;UK;;Silver League
273;Autonomous University of Madrid;67.011;Spain;;Silver League
274;James Cook University;66.764;Australia;;Silver League
275;Hiroshima University;66.644;Japan;;Silver League
276;Norwegian University of Science and Technology;66.528;Norway;;Silver League
277;Brunel University;66.514;UK;;Silver League
278;American University of Beirut;66.492;Lebanon;;Silver League
279;Birkbeck, University of London;66.455;UK;;Silver League
280;University of Tartu;66.385;Estonia;;Silver League
281;American University;66.317;USA;;Silver League
282;Loughborough University;66.224;UK;;Silver League
283;University of Waterloo;66.171;Canada;;Silver League
284;Colorado State University;66.099;USA;;Silver League
285;University of Canterbury;66.075;New Zealand;;Silver League
286;University of Guelph;65.971;Canada;;Silver League
287;Universiti Teknologi Malaysia;65.957;Malaysia;;Silver League
288;Creighton University;65.830;USA;;Silver League
289;University of Porto;65.771;Portugal;;Silver League
290;National Chiao Tung University;65.716;Taiwan;;Silver League
291;Arizona State University;65.707;USA;;Silver League
292;Beijing Institute of Technology;65.653;China;;Silver League
293;University of Navarra;65.641;Spain;;Silver League
294;University of Texas at Dallas;65.619;USA;;Silver League
295;University of Nebraska;65.518;USA;;Silver League
296;Southeast University;65.367;China;;Silver League
297;University of Coimbra;65.255;Portugal;;Silver League
298;University of Nebraska Medical Center;65.227;USA;;Silver League
299;Stellenbosch University;64.912;South Africa;;Silver League
300;University of South Florida;64.882;USA;;Silver League
301;Sun Yat-sen University;64.815;China;;Bronze League
302;University of Manitoba;64.773;Canada;;Bronze League
303;University of Delaware;64.730;USA;;Bronze League
304;Washington State University;64.562;USA;;Bronze League
305;Saint Petersburg State University;64.515;Russia;;Bronze League
306;University of Tasmania;64.484;Australia;;Bronze League
307;University of Turku;64.389;Finland;;Bronze League
308;Johann Wolfgang Goethe University Frankfurt am Main;64.382;Germany;;Bronze League
309;National University of Science and Technology MISiS;64.371;Russia;;Bronze League
310;Griffith University;64.332;Australia;;Bronze League
311;East China Normal University;64.279;China;;Bronze League
312;University of Innsbruck;64.263;Austria;;Bronze League
313;Bar-Ilan University;64.192;Israel;;Bronze League
314;University of Pisa;64.150;Italy;;Bronze League
315;Brandeis University;64.083;USA;;Bronze League
316;Okayama University;64.029;Japan;;Bronze League
317;University of Oulu;63.948;Finland;;Bronze League
318;University of South Carolina;63.916;USA;;Bronze League
319;University of Aveiro;63.843;Portugal;;Bronze League
320;Lehigh University;63.703;USA;;Bronze League
321;Simon Fraser University;63.507;Canada;;Bronze League
322;University of Jyvaskyla;63.440;Finland;;Bronze League
323;University of California, Santa Cruz;63.284;USA;;Bronze League
324;ITMO University;63.180;Russia;;Bronze League
325;Chulalongkorn University;63.153;Thailand;;Bronze League
326;RMIT University;62.788;Australia;;Bronze League
327;Flinders University;62.747;Australia;;Bronze League
328;Central South University;62.660;China;;Bronze League
330;Bielefeld University;62.600;Germany;;Bronze League
330;University of Macau;62.600;Macau;;Bronze League
331;Umea University;62.508;Sweden;;Bronze League
332;Nanjing Medical University;62.442;China;;Bronze League
333;University of Genoa;62.423;Italy;;Bronze League
334;Indian Institute of Technology, Kanpur;62.211;India;;Bronze League
335;University of Lisbon;62.102;Portugal;;Bronze League
336;King Fahd University of Petroleum and Minerals;61.965;Saudi Arabia;;Bronze League
337;Chung-Ang University;61.931;Republic of Korea;;Bronze League
338;Florida Institute of Technology;61.877;USA;;Bronze League
339;Semmelweis University;61.870;Hungary;;Bronze League
340;Renmin University of China;61.842;China;;Bronze League
341;National Cheng Kung University;61.755;Taiwan;;Bronze League
342;Louisiana State University;61.676;USA;;Bronze League
343;University of Eastern Finland;61.633;Finland;;Bronze League
344;University of Vermont;61.432;USA;;Bronze League
345;Pontificia University Catolica de Chile;61.303;Chile;;Bronze League
346;Sichuan University;61.247;China;;Bronze League
347;Auburn University;61.229;USA;;Bronze League
348;Texas Tech University;61.166;USA;;Bronze League
349;La Trobe University;61.138;Australia;;Bronze League
350;University of Hyderabad;61.092;India;;Bronze League
351;National Taiwan University of Science and Technology;61.025;Taiwan;;Bronze League
352;Oklahoma State University;61.012;USA;;Bronze League
353;Bilkent University;60.879;Turkey;;Bronze League
354;Koc University;60.816;Turkey;;Bronze League
355;University of Essex;60.775;UK;;Bronze League
356;University of Iceland;60.728;Iceland;;Bronze League
357;Hofstra University;60.686;USA;;Bronze League
358;Jagiellonian University;60.644;Poland;;Bronze League
359;Northwestern Polytechnical University;60.624;China;;Bronze League
360;Ewha Womans University;60.249;Republic of Korea;;Bronze League
361;Massey University;59.991;New Zealand;;Bronze League
362;South China University of Technology;59.981;China;;Bronze League
364;Keio University;59.663;Japan;;Bronze League
365;George Mason University;59.605;USA;;Bronze League
366;Dalian University of Technology;59.579;China;;Bronze League
367;West Virginia University;59.513;USA;;Bronze League
368;University of Tromso;59.444;Norway;;Bronze League
369;Universite Cote d`Azur (ComUE);59.318;France;;Bronze League
370;Polytechnic University of Milan;59.275;Italy;;Bronze League
371;University of Nova de Lisboa;59.250;Portugal;;Bronze League
372;Kazan Federal University;59.233;Russia;;Bronze League
373;University of Bremen;59.195;Germany;;Bronze League
374;University of KwaZulu Natal;59.192;South Africa;;Bronze League
375;Tomsk Polytechnic University;59.170;Russia;;Bronze League
376;University of South Australia;59.168;Australia;;Bronze League
377;University of Debrecen;59.065;Hungary;;Bronze League
378;Polytechnic University of Catalonia;59.062;Spain;;Bronze League
379;Kanazawa University;58.983;Japan;;Bronze League
380;Aberystwyth University;58.438;UK;;Bronze League
381;University of St. Gallen;58.378;Switzerland;;Bronze League
382;National Taiwan Normal University;58.367;Taiwan;;Bronze League
383;University of Houston;58.357;USA;;Bronze League
384;Peter the Great St. Petersburg Polytechnic University;58.326;Russia;;Bronze League
385;Hong Kong Baptist University;58.259;Hong Kong;;Bronze League
386;King Saud University;58.146;Saudi Arabia;;Bronze League
387;Bogazici University;58.013;Turkey;;Bronze League
388;Hacettepe University;57.988;Turkey;;Bronze League
389;University of Sherbrooke;57.962;Canada;;Bronze League
390;Iran University of Science & Technology;57.885;Iran;;Bronze League
391;Konkuk University;57.874;Republic of Korea;;Bronze League
392;University of Oregon;57.838;USA;;Bronze League
393;Swansea University;57.681;UK;;Bronze League
394;Chiba University;57.665;Japan;;Bronze League
395;Xiamen University;57.657;China;;Bronze League
396;Sabanci University;57.636;Turkey;;Bronze League
397;Victoria University of Wellington;57.512;New Zealand;;Bronze League
398;University of Pretoria;57.442;South Africa;;Bronze League
399;University of Idaho;57.378;USA;;Bronze League
400;Deakin University;57.321;Australia;;Bronze League
401;RUDN University;57.312;Russia;;Copper League
402;University of Hannover;57.299;Germany;;Copper League
403;Keele University;57.289;UK;;Copper League
404;Comenius University in Bratislava;57.254;Slovakia;;Copper League
405;Polytechnic University of Valencia;57.229;Spain;;Copper League
406;Chang Gung University;57.224;Taiwan;;Copper League
407;National Central University;57.170;Taiwan;;Copper League
408;Osaka City University;57.084;Japan;;Copper League
409;Jilin University;57.077;China;;Copper League
410;University of Stirling;57.055;UK;;Copper League
411;National Sun Yat-Sen University;57.032;Taiwan;;Copper League
412;State University of New York, Albany;56.936;USA;;Copper League
413;Bauman Moscow State Technical University;56.675;Russia;;Copper League
414;Mahidol University;56.640;Thailand;;Copper League
415;Polytechnic University of Turin;56.552;Italy;;Copper League
416;University of Szeged;56.548;Hungary;;Copper League
417;Juntendo University;56.490;Japan;;Copper League
418;Aston University;56.322;UK;;Copper League
419;University of Western Sydney;56.293;Australia;;Copper League
420;Swinburne University of Technology;55.953;Australia;;Copper League
421;University of Plymouth;55.852;UK;;Copper League
422;The New School;55.844;USA;;Copper League
423;Beijing University of Technology;55.833;China;;Copper League
424;East China University of Science and Technology;55.661;China;;Copper League
425;Middle East Technical University;55.655;Turkey;;Copper League
426;Shanghai University;55.435;China;;Copper League
427;Yokohama City University;55.365;Japan;;Copper League
428;Kumamoto University;55.358;Japan;;Copper League
429;China Medical University (Taiwan);55.325;China;;Copper League
430;Kent State University;55.321;USA;;Copper League
431;Vilnius University;55.221;Lithuania;;Copper League
432;University of Victoria;55.190;Canada;;Copper League
433;University College Cork;55.188;Ireland;;Copper League
434;IMT Mines Albi-Carmaux;55.151;France;;Copper League
435;University of Rovira i Virgili;54.951;Spain;;Copper League
436;National Autonomous University of Mexico;54.925;Mexico;;Copper League
437;Hunan University;54.825;China;;Copper League
438;Jamia Millia Islamia;54.769;India;;Copper League
439;Soochow University (China);54.752;China;;Copper League
440;K. N. Toosi University of Technology;54.633;Iran;;Copper League
441;University of Minho;54.536;Portugal;;Copper League
442;University of Ferrara;54.478;Italy;;Copper League
443;Sechenov University;54.421;Russia;;Copper League
444;Shahid Beheshti University;54.388;Iran;;Copper League
445;Northeastern University (China);54.347;China;;Copper League
446;Auckland University of Technology;54.346;New Zealand;;Copper League
447;Nanjing University of Technology;54.294;China;;Copper League
448;University of Hull;54.212;UK;;Copper League
449;Masaryk University;54.125;Czech Republic;;Copper League
450;Oxford Brookes University;54.121;UK;;Copper League
451;Universita Cattolica del Sacro Cuore;54.104;Italy;;Copper League
452;Palacky University of Olomouc;53.962;Czech Republic;;Copper League
453;University of Turin;53.821;Italy;;Copper League
454;National Chung Hsing University;53.741;Taiwan;;Copper League
455;Lobachevsky University;53.689;Russia;;Copper League
456;Istanbul Technical University;53.608;Turkey;;Copper League
457;Worcester Polytechnic Institute;53.599;USA;;Copper League
458;Kyungpook National University;53.597;Republic of Korea;;Copper League
459;University of Ljubljana;53.556;Slovenia;;Copper League
460;University of Valencia;53.469;Spain;;Copper League
461;New Mexico State University;53.450;USA;;Copper League
462;University of Waikato;53.394;New Zealand;;Copper League
463;New Jersey Institute of Technology (NJIT);53.246;USA;;Copper League
464;Eotvos Lorand University;53.184;Hungary;;Copper League
465;University of Arkansas;53.148;USA;;Copper League
466;Osaka Prefecture University;53.062;Japan;;Copper League
467;Beijing University of Chemical Technology;53.038;China;;Copper League
468;Kaohsiung Medical University;53.029;Taiwan;;Copper League
469;University of New Brunswick;52.851;Canada;;Copper League
470;Yokohama National University;52.848;Japan;;Copper League
471;Manipal Academy of Higher Education;52.749;India;;Copper League
472;University of Crete;52.691;Greece;;Copper League
473;University de Lorraine;52.299;France;;Copper League
474;Nanjing University of Science & Technology;52.287;China;;Copper League
475;North Dakota State University;52.228;USA;;Copper League
476;University of Electronic Science and Technology of China;52.185;China;;Copper League
477;University of Qatar;52.146;Qatar;;Copper League
478;York University;52.062;Canada;;Copper League
479;University of Rome III;52.007;Italy;;Copper League
480;Moscow Aviation Institute;51.980;Russia;;Copper League
481;Complutense University of Madrid;51.952;Spain;;Copper League
482;Florida International University;51.906;USA;;Copper League
483;Polytechnic University of Madrid;51.879;Spain;;Copper League
484;Liverpool John Moores University;51.795;UK;;Copper League
485;Waseda University;51.778;Japan;;Copper League
486;Gifu University;51.706;Japan;;Copper League
487;Old Dominion University;51.665;USA;;Copper League
488;Kyushu Institute of Technology;51.494;Japan;;Copper League
489;University of Sofia;51.333;Bulgaria;;Copper League
490;Macau University of Science and Technology;51.210;Macau;;Copper League
491;National Taras Shevchenko University of Kyiv;51.080;Ukraine;;Copper League
492;Indian Institute of Technology (Indian School of Mines);51.038;India;;Copper League
493;Ca`Foscari University of Venice;50.869;Italy;;Copper League
494;Charles III University of Madrid;50.673;Spain;;Copper League
495;University of Puerto Rico;50.657;Puerto Rico;;Copper League
496;University of Santiago de Compostela;50.656;Spain;;Copper League
497;Australian Catholic University;50.468;Australia;;Copper League
498;Stevens Institute of Technology;50.224;USA;;Copper League
499;University of Alabama Birmingham;50.050;USA;;Copper League
500;Babol Noshirvani University of Technology;49.987;Iran;;Copper League
501;University of Tabriz;49.942;Iran;;World League
502;Chongqing University;49.835;China;;World League
503;Ankara University;49.815;Turkey;;World League
504;Dublin City University;49.796;Ireland;;World League
505;Northumbria University;49.749;UK;;World League
506;University of Texas at Arlington;49.746;USA;;World League
507;Jinan University;49.732;China;;World League
508;Chonnam National University;49.557;Republic of Korea;;World League
509;Universite de Tunis El Manar;49.539;Tunisia;;World League
510;Shanghai University of Traditional Chinese Medicine;49.381;China;;World League
511;University of Lucerne;49.298;Switzerland;;World League
512;Chonbuk National University;49.293;Republic of Korea;;World League
513;University of Greenwich;49.217;UK;;World League
514;Sogang University;49.187;Republic of Korea;;World League
515;Monterrey Institute of Technology and Higher Education;49.101;Mexico;;World League
516;University of Bradford;49.074;UK;;World League
517;Jiangnan University;48.944;China;;World League
518;American University in Cairo;48.926;Egypt;;World League
519;University of Texas at San Antonio;48.922;USA;;World League
520;Jeonbuk National University;48.613;Republic of Korea;;World League
521;Universidade Federal do Ceara;48.245;Brazil;;World League
522;Edith Cowan University;48.069;Australia;;World League
523;University of Portsmouth;48.056;UK;;World League
524;Universite du Quebec a Montreal;48.010;Canada;;World League
525;IQS Universitat Ramon Llull;48.006;Spain;;World League
526;University of Zaragoza;47.999;Spain;;World League
527;Istanbul University;47.810;Turkey;;World League
528;Siberian Federal University;47.603;Russia;;World League
529;University of the Basque Country;47.572;Spain;;World League
531;Brno University of Technology;47.379;Czech Republic;;World League
531;Nanjing University of Aeronautics & Astronautics;47.379;China;;World League
532;Murdoch University;47.324;Australia;;World League
533;Texas Christian University;47.209;USA;;World League
534;Yamagata University;47.070;Japan;;World League
535;University of Southern Queensland;47.032;Australia;;World League
536;Toyohashi University of Technology;46.785;Japan;;World League
537;Mississippi State University;46.784;USA;;World League
538;University of Salamanca;46.753;Spain;;World League
539;University of Zagreb;46.677;Croatia;;World League
540;Warsaw University of Technology;46.659;Poland;;World League
541;Lebanese American University;46.591;Lebanon;;World League
542;Northeast Normal University (China);46.537;China;;World League
543;University of Central Florida;46.257;USA;;World League
544;Aristotle University of Thessaloniki;46.145;Greece;;World League
545;Tottori University;46.020;Japan;;World League
546;Wuhan University of Technology;45.963;China;;World League
547;National Taipei University of Technology;45.917;Taiwan;;World League
548;China Pharmaceutical University;45.802;China;;World League
549;University of Johannesburg;45.712;South Africa;;World League
550;Riga Technical University;45.639;Latvia;;World League
551;Belarusian State University;45.576;Belarus;;World League
552;Chiang Mai University;45.549;Thailand;;World League
553;Amrita Vishwa Vidyapeetham University;45.534;India;;World League
554;Beijing Forestry University;45.307;China;;World League
555;University of Peradeniya;45.274;Sri Lanka;;World League
556;Middlesex University;45.158;UK;;World League
557;University of Ulster;45.150;UK;;World League
558;Mendeleev University of Chemical Technology;45.051;Russia;;World League
559;Hitotsubashi University;45.029;Japan;;World League
560;University of Seville;44.958;Spain;;World League
561;Saint-Petersburg State Electrotechnical University ``LETI``;44.899;Russia;;World League
562;Coventry University;44.767;UK;;World League
563;San Diego State University;44.717;USA;;World League
564;Fluminense Federal University;44.368;Brazil;;World League
565;Xidian University;44.332;China;;World League
566;Financial University under the Government of the Russian Federation;44.329;Russia;;World League
567;National Research University of Electronic Technology (MIET);44.144;Russia;;World League
568;University of Electro-Communications;44.086;Japan;;World League
569;Pirogov University;44.031;Russia;;World League
570;State University of New York, Binghamton;44.019;USA;;World League
571;University of Baghdad;44.007;Iraq;;World League
572;University of Vigo;43.885;Spain;;World League
573;University of Bari;43.876;Italy;;World League
574;ISCTE - Instituto Universitario de Lisboa;43.846;Portugal;;World League
575;Samara University;43.814;Russia;;World League
576;Gyeongsang National University;43.798;Republic of Korea;;World League
577;Al-Farabi Kazakh National University;43.748;Kazakhstan;;World League
578;Kashan University;43.580;Iran;;World League
579;Maynooth University;43.400;Ireland;;World League
580;University of Hertfordshire;43.396;UK;;World League
581;Tokai University;43.347;Japan;;World League
582;East Carolina University;43.341;USA;;World League
583;University of Brescia;43.339;Italy;;World League
584;University of Central Lancashire;43.208;UK;;World League
585;University of Memphis;43.203;USA;;World League
586;Concordia University;43.071;Canada;;World League
587;University of Alcala;42.968;Spain;;World League
588;Oakland University;42.948;USA;;World League
589;Glasgow Caledonian University;42.844;UK;;World League
590;Southern Cross University;42.692;Australia;;World League
591;Thammasat University;42.622;Thailand;;World League
592;Sumy State University;42.574;Ukraine;;World League
593;Northern Arizona University;42.488;USA;;World League
594;Chung Shan Medical University;42.188;Taiwan;;World League
595;Babes-Bolyai University;42.171;Romania;;World League
596;Inha University;42.035;Republic of Korea;;World League
597;Florida Atlantic University;41.998;USA;;World League
598;TOBB University of Economics and Technology;41.787;Turkey;;World League
599;University of the West of England;41.685;UK;;World League
600;Manchester Metropolitan University;41.436;UK;;World League
601;Ryazan State Medical University;41.383;Russia;;World League
602;Gebze Technical University;41.207;Turkey;;World League
603;Universite de Carthage;41.099;Tunisia;;World League
604;Miami University;41.069;USA;;World League
605;Ege University;41.058;Turkey;;World League
606;Cochin University of Science and Technology;40.932;India;;World League
607;De Montfort University;40.930;UK;;World League
608;King Mongkut`s University of Technology Thonburi;40.806;Thailand;;World League
609;University of Maribor;40.725;Slovenia;;World League
610;Yeungnam University;40.621;Republic of Korea;;World League
611;Altai State University;40.607;Russia;;World League
612;Orel State University;40.539;Russia;;World League
613;Austral University (Argentina);40.504;Argentina;;World League
614;Federation University Australia;40.346;Australia;;World League
615;North-Eastern Federal University;40.310;Russia;;World League
616;National Technical University Kharkiv Polytechnic Institute;40.225;Ukraine;;World League
617;Bashkirian State Medical University;40.166;Russia;;World League
618;University of Quebec at Chicoutimi;39.936;Canada;;World League
619;Gazi University;39.925;Turkey;;World League
620;Hallym University;39.921;Republic of Korea;;World League
621;Portland State University;39.879;USA;;World League
622;Far Eastern Federal University;39.855;Russia;;World League
623;Pontificia Universidade Catolica do Rio Grande do Sul;39.672;Brazil;;World League
624;Siberian State Medical University;39.650;Russia;;World League
625;Jiangsu University;39.644;China;;World League
626;West University of Timisoara;39.566;Romania;;World League
627;Lodz University of Technology;39.375;Poland;;World League
628;Cairo University;39.197;Egypt;;World League
629;University of Bucharest;39.185;Romania;;World League
630;University Politechica of Bucharest;39.111;Romania;;World League
631;Metropolitan Autonomous University;39.066;Mexico;;World League
632;Sheffield Hallam University;39.027;UK;;World League
633;Voronezh State University;38.879;Russia;;World League
634;Gdansk University of Technology;38.708;Poland;;World League
635;Shenzhen University;38.556;China;;World League
636;American University of Sharjah;38.523;United Arab Emirates;;World League
637;Ivane Javakhishvili Tbilisi State University;38.517;Republic of Georgia;;World League
638;University of South Africa;38.434;South Africa;;World League
639;Zhejiang University of Technology;38.416;China;;World League
640;RANEPA, The Russian Presidential Academy of National Economy and Public Administration;38.370;Russia;;World League
641;Kasetsart University;38.363;Thailand;;World League
642;Fu Jen Catholic University;38.312;Taiwan;;World League
643;Allameh Tabataba`i University;38.192;Iran;;World League
644;University of Monastir;38.051;Tunisia;;World League
645;London Metropolitan University;38.046;UK;;World League
646;Eskisehir Osmangazi University;38.013;Turkey;;World League
647;Prince of Songkla University;37.987;Thailand;;World League
648;Immanuel Kant Baltic Federal University;37.973;Russia;;World League
649;Novosibirsk State Technical University;37.769;Russia;;World League
650;Baku State University;37.750;Azerbaijan;;World League
651;New Economic School (NES);37.740;Russia;;World League
652;L.N. Gumilyov Eurasian National University;37.690;Kazakhstan;;World League
654;Tomsk State Pedagogical University;37.446;Russia;;World League
655;National Chung Cheng University;37.419;Taiwan;;World League
656;Kursk State Medical University;37.415;Russia;;World League
657;Grigore T. Popa University of Medicine and Pharmacy;37.226;Romania;;World League
658;Plekhanov Russian University of Economics;37.161;Russia;;World League
659;Pontificial Catholic University of Valparaiso;37.154;Chile;;World League
660;Kyiv National Economic University;36.979;Ukraine;;World League
661;Khon Kaen University;36.925;Thailand;;World League
662;Yildiz Technical University;36.918;Turkey;;World League
662;Technical University of Moldova;36.917;Moldova;;World League
663;Suranaree University of Technology;36.687;Thailand;;World League
664;University of West Bohemia;36.467;Czech Republic;;World League
665;University of Basrah;36.396;Iraq;;World League
666;University of Patras;36.367;Greece;;World League
667;Herzen University;36.027;Russia;;World League
668;Yanshan University;35.971;China;;World League
669;Vellore Institute of Technology;35.942;India;;World League
670;Makerere University;35.575;Uganda;;World League
671;Moscow Pedagogical State University;35.531;Russia;;World League
672;King Mongkut`s Institute of Technology Ladkrabang;35.509;Thailand;;World League
673;Alexandria University;35.370;Egypt;;World League
674;University of Agricultural Sciences and Veterinary Medicine of Cluj-Napoca;35.321;Romania;;World League
675;Kindai University;35.198;Japan;;World League
676;Atilim University;35.195;Turkey;;World League
677;Southwest Jiaotong University;35.179;China;;World League
678;Kazan National Research Technical University named after A.N. Tupolev;35.157;Russia;;World League
679;Yangzhou University;34.992;China;;World League
680;Mustansiriyah University;34.943;Iraq;;World League
681;Erciyes University;34.920;Turkey;;World League
682;Tomsk State University of Control Systems and Radioelectronics (TUSUR University);34.914;Russia;;World League
683;Innopolis University;34.790;Russia;;World League
684;National Taipei University;34.585;Taiwan;;World League
685;University of Science and Technology (UST);34.521;Republic of Korea;;World League
686;Gubkin Russian State University of Oil and Gas;34.429;Russia;;World League
687;Irkutsk State University;34.276;Russia;;World League
688;Belgorod National Research University;34.190;Russia;;World League
689;Qingdao University;34.179;China;;World League
690;University of Rijeka;34.173;Croatia;;World League
691;Kuwait University;34.137;Kuwait;;World League
692;South China Normal University;33.984;China;;World League
693;Moscow State University of Civil Engineering;33.979;Russia;;World League
694;Universidad Pontificia Bolivariana de Medellin-Colombia;33.938;Colombia;;World League
695;MIREA - Russian Technological University;33.801;Russia;;World League
696;Suleyman Demirel University - Kazakhstan;33.771;Kazakhstan;;World League
697;Ufa State Aviation Technical University;33.668;Russia;;World League
698;Wuhan University of Science & Technology;33.639;China;;World League
699;Asia University (Taiwan);33.570;Taiwan;;World League
700;Shibaura Institute of Technology;33.499;Japan;;World League
701;University of Kurdistan;33.466;Iran;;World League
702;Russian New University;33.102;Russia;;World League
703;University of Malaysia Perlis;32.903;Malaysia;;World League
704;Amity University;32.785;India;;World League
705;Liaoning University;32.618;China;;World League
706;Universite de la Manouba;32.580;Tunisia;;World League
707;Kharkiv National University of Radio Electronics;32.549;Ukraine;;World League
708;National Taiwan Ocean University;32.477;Taiwan;;World League
709;Jiangsu Normal University;32.476;China;;World League
710;Chang`an University;32.376;China;;World League
711;Bashkir State University;31.936;Russia;;World League
712;Perm State University;31.910;Russia;;World League
713;Tver State Technical University;31.894;Russia;;World League
714;Yuan Ze University;31.852;Taiwan;;World League
715;Chung Yuan Christian University;31.851;Taiwan;;World League
716;National Yunlin University of Science and Technology;31.825;Taiwan;;World League
717;Odessa National Academy of Food Technologies;31.728;Ukraine;;World League
718;National University of Ostroh Academy;31.586;Ukraine;;World League
719;Autonomous University of Mexico State;31.548;Mexico;;World League
720;Institute of Space Technology;31.528;Pakistan;;World League
721;Marmara University;31.483;Turkey;;World League
722;University of Kufa;31.366;Iraq;;World League
723;Hawler Medical University;31.252;Iraq;;World League
724;Xiangtan University;31.121;China;;World League
725;Dublin Institute of Technology;31.063;Ireland;;World League
726;Dunarea de Jos University of Galati;31.058;Romania;;World League
727;Kazan National Research Technological University;30.975;Russia;;World League
728;Salahaddin University;30.901;Iraq;;World League
729;National Changhua University of Education;30.831;Taiwan;;World League
730;European University at St. Petersburg;30.699;Russia;;World League
731;South Ukrainian National Pedagogical University named after K.D. Ushynsky;30.612;Ukraine;;World League
732;National Dong Hwa University;30.256;Taiwan;;World League
733;Feng Chia University;30.155;Taiwan;;World League
734;Athens University of Economics and Business;30.051;Greece;;World League
735;Alzahra University;29.992;Iran;;World League
736;Tyumen State University;29.947;Russia;;World League
737;Perm National Research Polytechnic University;29.937;Russia;;World League
738;University of Sarajevo;29.854;Bosnia And Herzegovina;;World League
739;Saint Petersburg State University of Architecture and Civil Engineering;29.828;Russia;;World League
740;University of Anbar;29.730;Iraq;;World League
741;Tamkang University;29.665;Taiwan;;World League
742;National University of Uzbekistan;29.551;Uzbekistan;;World League
743;Leeds Beckett University;29.520;UK;;World League
744;Omsk State Technical University;29.427;Russia;;World League
745;Southwest State University;29.415;Russia;;World League
746;Mordovia State University;28.983;Russia;;World League
747;``George Emil Palade`` University of Medicine, Pharmacy, Science, and Technology  of Targu Mures;28.812;Romania;;World League
748;Hunan Normal University;28.716;China;;World League
749;Ural State University of Economics;28.447;Russia;;World League
750;Ataturk University;28.297;Turkey;;World League
751;California State University, Long Beach;28.266;USA;;World League
752;Beni-Suef University;28.257;Egypt;;World League
753;Omsk State University;28.198;Russia;;World League
754;Ninevah University;28.076;Iraq;;World League
755;Reshetnev Siberian State University of Science and Technology;28.052;Russia;;World League
756;University of AL-Qadisiyah;27.818;Iraq;;World League
757;South Ural State University;27.538;Russia;;World League
758;Tver State University;27.471;Russia;;World League
759;University of South China;27.433;China;;World League
760;Wenzhou University;27.237;China;;World League
761;Democritus University of Thrace;27.207;Greece;;World League
762;Volgograd State University;27.202;Russia;;World League
763;Shanghai Maritime University;27.144;China;;World League
764;Kosygin University;26.969;Russia;;World League
765;Maikop State Technological University;26.918;Russia;;World League
766;Samara State Technical University;26.522;Russia;;World League
767;Moscow State University of Food Production;26.460;Russia;;World League
768;University of Babylon;26.219;Iraq;;World League
769;Ostrogradskiy National University of Kremenchuk;26.138;Ukraine;;World League
770;University of Mosul;26.092;Iraq;;World League
771;King Mongkut`s University of Technology North Bangkok;25.924;Thailand;;World League
772;Al-Iraqia University;25.758;Iraq;;World League
773;Polzunov Altai State Technical University;25.440;Russia;;World League
774;Azerbaijan State University of Economics (UNEC);25.027;Azerbaijan;;World League
775;Tambov State Technical University;24.888;Russia;;World League
776;Tanta University;24.826;Egypt;;World League
777;University of Information Technology and Communications;24.715;Iraq;;World League
778;I-Shou University;24.691;Taiwan;;World League
779;Chung Hua University;24.688;Taiwan;;World League
780;Kabardino-Balkarian State University;24.484;Russia;;World League
780;University of Diyala;25.207;Iraq;;World League
781;Technical University of Cluj-Napoca;24.464;Romania;;World League
782;Mahasarakham University;24.359;Thailand;;World League
783;University of Fallujah;24.289;Iraq;;World League
784;Don State Technical University;24.207;Russia;;World League
785;Southwest Petroleum University;24.179;China;;World League
786;Ubon Ratchathani University;24.161;Thailand;;World League
787;Lipetsk State Technical University;24.137;Russia;;World League
788;Azerbaijan University of Architecture and Construction;24.066;Azerbaijan;;World League
789;Middle Technical University;23.760;Iraq;;World League
790;Ufa State Petroleum Technological University (USPTU);23.755;Russia;;World League
791;Vladimir State University named after Alexander and Nikolay Stoletovs;23.739;Russia;;World League
792;Soochow University (Taiwan);23.510;Taiwan;;World League
793;European University Skopje;23.304;North Macedonia;;World League
794;Chaoyang University of Technology;23.164;Taiwan;;World League
795;Al-Ahliyya Amman University;23.042;Jordan;;World League
796;Voronezh State Technical University;22.845;Russia;;World League
797;University of Dubrovnik;22.682;Croatia;;World League
798;North Caucasus Federal University;22.598;Russia;;World League
799;Tunghai University;22.487;Taiwan;;World League
800;Kafrelsheikh University;22.480;Egypt;;World League
801;Tomsk State University of Architecture and Building;22.470;Russia;;World League
802;University of Kerbala;22.449;Iraq;;World League
803;ESIC Business and Marketing School;22.404;Spain;;World League
804;Volgograd State Technical University;22.355;Russia;;World League
805;National Chiayi University;21.782;Taiwan;;World League
806;Istanbul Gelisim University;21.670;Turkey;;World League
807;University of Thi-Qar;21.494;Iraq;;World League
808;Istanbul Medipol University;21.479;Turkey;;World League
809;Emperor Alexander I St.Petersburg State Transport University;20.328;Russia;;World League
810;Ming Chuan University;20.324;Taiwan;;World League
811;Novosibirsk State University of Economics and Management;19.885;Russia;;World League
812;Al-Mustaqbal University College;19.876;Iraq;;World League
813;Al-Kitab University;19.664;Iraq;;World League
814;Kemerovo State University;19.616;Russia;;World League
815;Al-Nisour University College;19.598;Iraq;;World League
816;NED University of Engineering and Technology;19.453;Pakistan;;World League
817;University of Petra (UOP);19.447;Jordan;;World League
818;Ulyanovsk State University;19.373;Russia;;World League
819;Poltava National Technical Yuri Kondratyuk University;18.860;Ukraine;;World League
820;Tatung University;18.844;Taiwan;;World League
821;Pacific National University;18.746;Russia;;World League
822;Islamic University in Najaf;18.556;Iraq;;World League
823;Interdisciplinary Center Herzliya (IDC Herzliya);18.473;Israel;;World League
824;Tra Vinh University;18.372;Vietnam;;World League
825;Mari State University;18.347;Russia;;World League
826;Al-Furat Al-Awsat Technical  University;18.118;Iraq;;World League
827;Togliatti State University;18.053;Russia;;World League
828;EA Buketov Karaganda State University;17.835;Kazakhstan;;World League
830;Can Tho University;17.649;Vietnam;;World League
831;Vyatka State University;17.298;Russia;;World League
832;National Formosa University;17.170;Taiwan;;World League
833;Al-Muthanna University;17.121;Iraq;;World League
834;Northern Technical University;16.739;Iraq;;World League
835;Belgorod State Technological University;16.548;Russia;;World League
836;Al-Karkh University of Science;16.289;Iraq;;World League
837;Platov South-Russian State Polytechnic University;15.567;Russia;;World League
838;Jabir Ibn Hayyan Medical University;15.361;Iraq;;World League
839;Behalf of Basrah University College of Science and Technology;15.229;Iraq;;World League
840;University of Kirkuk;15.102;Iraq;;World League
841;Arab American University (AAUP);14.688;State of Palestine;;World League
842;Savannah College of Art and Design;14.424;USA;;World League
843;University of Samarra;14.232;Iraq;;World League
844;Kozma Minin Nizhny Novgorod State Pedagogical University;13.941;Russia;;World League
845;Southern Technical University;12.485;Iraq;;World League
846;University of the Thai Chamber of Commerce;12.468;Thailand;;World League
847;Baghdad College Of Economic Sciences University;12.227;Iraq;;World League
848;Rostov State University of Economics;11.781;Russia;;World League
849;Dijlah University College;9.716;Iraq;;World League
850;University of Warith Alanbiyaa;9.706;Iraq;;World League
851;Al-Safwa University College;9.174;Iraq;;World League
851;Madenat Al-elem University College;9.174;Iraq;;World League
852;Al-Toosi University College;8.683;Iraq;;World League
853;Al-Ayen University;8.589;Iraq;;World League
854;National University for Science and Technology;8.340;Iraq;;World League
855;Imam Ja`afar Al-Sadiq University;8.331;Iraq;;World League
856;Al-Amarah University College;8.288;Iraq;;World League
857;University of Alkafeel;8.063;Iraq;;World League
858;Murmansk Arctic State University;7.888;Russia;;World League
859;University of Al-Hamdaniya;7.775;Iraq;;World League
859;Al-Zahrawi University College;7.775;Iraq;;World League
860;University of Sumer;7.132;Iraq;;World League
861;Al-Manara College of Medical Sciences;6.749;Iraq;;World League
862;Karaganda University of Kaspotrebsoyuz;6.506;Kazakhstan;;World League
863;Bilad Alrafidain University College;5.760;Iraq;;World League
864;Al-Farahidi University;4.834;Iraq;;World League
865;Al-Kut University College;4.721;Iraq;;World League
866;Al-Rasheed University College;4.568;Iraq;;World League
866;Al-Esraa University College;5.530;Iraq;;World League
867;Imam Al-Kadhum College;2.933;Iraq;;World League
